{
    "best_model_name": "random_forest",
    "strategy": "class_weight",
    "selected_threshold": 0.5,
    "cv_precision_mean": 0.18953401479014445,
    "cv_recall_mean": 0.7339382940108893,
    "cv_f1_mean": 0.301261428741261,
    "cv_roc_auc_mean": 0.8926802038709694,
    "cv_pr_auc_mean": 0.4972998458479272,
    "test_accuracy": 0.8755545771666611,
    "test_precision": 0.18434418882581416,
    "test_recall": 0.7464311638035326,
    "test_f1": 0.2956680084339659,
    "test_roc_auc": 0.8934737429472028,
    "test_pr_auc": 0.5032850511619678
}