{
    "best_model_name": "random_forest",
    "strategy": "smote",
    "selected_threshold": 0.5,
    "pr_auc": 0.8764692322089636,
    "roc_auc": 0.9761163047098411,
    "precision": 0.8631578947368421,
    "recall": 0.8367346938775511,
    "f1": 0.8497409326424871
}